{"cameraMode":{"drawMode":0,"name":"Shaded","section":"Shading Mode"},"sceneLighting":false,"audioPlay":false,"sceneViewState":{"showFog":true,"showMaterialUpdate":false,"showSkybox":false,"showFlares":true,"showImageEffects":true,"showParticleSystems":true},"in2DMode":false,"pivot":{"x":-1.210719347000122e-8,"y":0.04322812706232071,"z":0.07738222926855087},"rotation":{"x":-0.19013799726963044,"y":-0.7778289318084717,"z":0.2790032625198364,"w":-0.5300946831703186},"size":0.13594023883342744,"orthographic":true}