{"cameraMode":{"drawMode":0,"name":"Shaded","section":"Shading Mode"},"sceneLighting":false,"audioPlay":false,"sceneViewState":{"showFog":true,"showMaterialUpdate":false,"showSkybox":false,"showFlares":true,"showImageEffects":true,"showParticleSystems":true},"in2DMode":false,"pivot":{"x":-6.638280868530273,"y":-1.0474019050598145,"z":4.2359395027160648},"rotation":{"x":0.14330293238162995,"y":-0.5422800779342651,"z":0.09448280930519104,"w":0.8224855661392212},"size":5.724745750427246,"orthographic":false}