{"cameraMode":{"drawMode":0,"name":"Shaded","section":"Shading Mode"},"sceneLighting":false,"audioPlay":false,"sceneViewState":{"showFog":true,"showMaterialUpdate":false,"showSkybox":false,"showFlares":true,"showImageEffects":true,"showParticleSystems":true},"in2DMode":false,"pivot":{"x":0.0,"y":0.11154621839523316,"z":0.2811715602874756},"rotation":{"x":0.05703430622816086,"y":-0.7193469405174255,"z":0.05948083847761154,"w":0.6897515058517456},"size":0.49334779381752016,"orthographic":false}