{"cameraMode":{"drawMode":0,"name":"Shaded","section":"Shading Mode"},"sceneLighting":false,"audioPlay":false,"sceneViewState":{"showFog":true,"showMaterialUpdate":false,"showSkybox":false,"showFlares":true,"showImageEffects":true,"showParticleSystems":true},"in2DMode":false,"pivot":{"x":4.654716968536377,"y":6.425065517425537,"z":-15.665221214294434},"rotation":{"x":0.31443366408348086,"y":0.13746973872184754,"z":-0.04608578234910965,"w":0.9381511807441711},"size":0.4462399184703827,"orthographic":false}