{"cameraMode":{"drawMode":0,"name":"Shaded","section":"Shading Mode"},"sceneLighting":false,"audioPlay":false,"sceneViewState":{"showFog":true,"showMaterialUpdate":false,"showSkybox":false,"showFlares":true,"showImageEffects":true,"showParticleSystems":true},"in2DMode":false,"pivot":{"x":0.0,"y":0.04800362512469292,"z":0.005399608984589577},"rotation":{"x":-0.19013799726963044,"y":-0.7778289318084717,"z":0.2790032625198364,"w":-0.5300946831703186},"size":0.05279877036809921,"orthographic":true}