{"cameraMode":{"drawMode":0,"name":"Shaded","section":"Shading Mode"},"sceneLighting":false,"audioPlay":false,"sceneViewState":{"showFog":true,"showMaterialUpdate":false,"showSkybox":false,"showFlares":true,"showImageEffects":true,"showParticleSystems":true},"in2DMode":false,"pivot":{"x":0.483267217874527,"y":1.9578919410705567,"z":-0.29255586862564089},"rotation":{"x":0.01055503636598587,"y":-0.9864833950996399,"z":0.1475788801908493,"w":0.07055425643920899},"size":2.6083569526672365,"orthographic":true}