{"cameraMode":{"drawMode":0,"name":"Shaded","section":"Shading Mode"},"sceneLighting":false,"audioPlay":false,"sceneViewState":{"showFog":false,"showMaterialUpdate":false,"showSkybox":false,"showFlares":false,"showImageEffects":false,"showParticleSystems":false},"in2DMode":false,"pivot":{"x":0.35755160450935366,"y":0.6358396410942078,"z":-0.2504637539386749},"rotation":{"x":-0.14132237434387208,"y":0.22104787826538087,"z":-0.03240140900015831,"w":-0.9644518494606018},"size":1.1144187450408936,"orthographic":true}