{"cameraMode":{"drawMode":0,"name":"Shaded","section":"Shading Mode"},"sceneLighting":false,"audioPlay":false,"sceneViewState":{"showFog":true,"showMaterialUpdate":false,"showSkybox":false,"showFlares":true,"showImageEffects":true,"showParticleSystems":true},"in2DMode":false,"pivot":{"x":-0.28014257550239565,"y":0.7121580839157105,"z":-0.8738743662834168},"rotation":{"x":0.08112091571092606,"y":-0.744556725025177,"z":0.0920451432466507,"w":0.6561935544013977},"size":1.9473212957382203,"orthographic":true}