{"cameraMode":{"drawMode":0,"name":"Shaded","section":"Shading Mode"},"sceneLighting":true,"audioPlay":false,"sceneViewState":{"showFog":true,"showMaterialUpdate":false,"showSkybox":true,"showFlares":true,"showImageEffects":true,"showParticleSystems":true},"in2DMode":false,"pivot":{"x":-16.002334594726564,"y":10.466712951660157,"z":-75.98273468017578},"rotation":{"x":-0.11696339398622513,"y":-0.8830359578132629,"z":0.3233356177806854,"w":-0.31943684816360476},"size":63.55592346191406,"orthographic":false}