{"cameraMode":{"drawMode":0,"name":"Shaded","section":"Shading Mode"},"sceneLighting":false,"audioPlay":false,"sceneViewState":{"showFog":true,"showMaterialUpdate":false,"showSkybox":false,"showFlares":true,"showImageEffects":true,"showParticleSystems":true},"in2DMode":false,"pivot":{"x":20.520349502563478,"y":7.804152011871338,"z":17.232860565185548},"rotation":{"x":0.11028214544057846,"y":0.8258336186408997,"z":-0.17343470454216004,"w":0.5251477360725403},"size":0.530372679233551,"orthographic":false}