{"cameraMode":{"drawMode":0,"name":"Shaded","section":"Shading Mode"},"sceneLighting":false,"audioPlay":false,"sceneViewState":{"showFog":true,"showMaterialUpdate":false,"showSkybox":false,"showFlares":true,"showImageEffects":true,"showParticleSystems":true},"in2DMode":false,"pivot":{"x":0.0,"y":0.04800362512469292,"z":0.005399608984589577},"rotation":{"x":0.1821945607662201,"y":-0.7192964553833008,"z":-0.2053631842136383,"w":-0.6381691098213196},"size":0.05279877036809921,"orthographic":true}