{"cameraMode":{"drawMode":0,"name":"Shaded","section":"Shading Mode"},"sceneLighting":true,"audioPlay":false,"sceneViewState":{"showFog":true,"showMaterialUpdate":false,"showSkybox":false,"showFlares":true,"showImageEffects":true,"showParticleSystems":true},"in2DMode":false,"pivot":{"x":13.232696533203125,"y":1.0855140686035157,"z":50.857330322265628},"rotation":{"x":-0.35218849778175356,"y":-0.06815630197525025,"z":0.025714827701449395,"w":-0.9331234097480774},"size":28.32944107055664,"orthographic":false}