{"cameraMode":{"drawMode":0,"name":"Shaded","section":"Shading Mode"},"sceneLighting":false,"audioPlay":false,"sceneViewState":{"showFog":true,"showMaterialUpdate":false,"showSkybox":false,"showFlares":true,"showImageEffects":true,"showParticleSystems":true},"in2DMode":false,"pivot":{"x":0.03681269288063049,"y":0.7402894496917725,"z":1.3279999494552613},"rotation":{"x":0.15453976392745973,"y":0.16893614828586579,"z":-0.026833144947886468,"w":0.9730764627456665},"size":0.5848201513290405,"orthographic":false}