{"cameraMode":{"drawMode":0,"name":"Shaded","section":"Shading Mode"},"sceneLighting":false,"audioPlay":false,"sceneViewState":{"showFog":true,"showMaterialUpdate":false,"showSkybox":false,"showFlares":true,"showImageEffects":true,"showParticleSystems":true},"in2DMode":false,"pivot":{"x":0.4772278368473053,"y":1.7260258197784424,"z":-20.763263702392579},"rotation":{"x":0.24354392290115357,"y":0.6003024578094482,"z":-0.1988002061843872,"w":0.7354118227958679},"size":0.38737353682518008,"orthographic":true}