{"cameraMode":{"drawMode":0,"name":"Shaded","section":"Shading Mode"},"sceneLighting":false,"audioPlay":false,"sceneViewState":{"showFog":true,"showMaterialUpdate":false,"showSkybox":false,"showFlares":true,"showImageEffects":true,"showParticleSystems":true},"in2DMode":false,"pivot":{"x":-0.22924664616584779,"y":1.8503386974334717,"z":-0.21488912403583527},"rotation":{"x":0.10340967774391175,"y":0.7436434626579285,"z":-0.11832912266254425,"w":0.6498684287071228},"size":3.782249689102173,"orthographic":true}