{"cameraMode":{"drawMode":0,"name":"Shaded","section":"Shading Mode"},"sceneLighting":false,"audioPlay":false,"sceneViewState":{"showFog":true,"showMaterialUpdate":false,"showSkybox":false,"showFlares":true,"showImageEffects":true,"showParticleSystems":true},"in2DMode":false,"pivot":{"x":0.056368689984083179,"y":2.347461700439453,"z":-0.8501767516136169},"rotation":{"x":0.04849526286125183,"y":0.9436720013618469,"z":-0.16033555567264558,"w":0.2854161262512207},"size":3.838740825653076,"orthographic":true}